{"cameraMode":{"drawMode":0,"name":"Shaded","section":"Shading Mode"},"sceneLighting":false,"audioPlay":false,"sceneViewState":{"showFog":true,"showMaterialUpdate":false,"showSkybox":true,"showFlares":true,"showImageEffects":true,"showParticleSystems":true},"in2DMode":false,"pivot":{"x":-3.875999927520752,"y":2.0939314365386965,"z":-5.960464477539063e-8},"rotation":{"x":-0.20434542000293733,"y":0.3939775824546814,"z":-0.09030070155858994,"w":-0.89155513048172},"size":2.7606916427612306,"orthographic":false}