{"cameraMode":{"drawMode":0,"name":"Shaded","section":"Shading Mode"},"sceneLighting":false,"audioPlay":false,"sceneViewState":{"showFog":true,"showMaterialUpdate":false,"showSkybox":true,"showFlares":true,"showImageEffects":true,"showParticleSystems":true},"in2DMode":false,"pivot":{"x":0.9085775017738342,"y":0.28999996185302737,"z":-0.0017764568328857422},"rotation":{"x":0.08409742265939713,"y":-0.8783043622970581,"z":0.1680038869380951,"w":0.43964043259620669},"size":2.071620225906372,"orthographic":false}